{
    "epoch": [
        0,
        1,
        2,
        3,
        4,
        5,
        6,
        7,
        8,
        9,
        10,
        11,
        12,
        13,
        14,
        15,
        16,
        17,
        18,
        19
    ],
    "loss_G": [
        75.20912232171922,
        69.54962295350575,
        64.1421230225336,
        59.016771125793454,
        54.76683989933559,
        50.29724096570696,
        46.2071996143886,
        42.497178463708785,
        39.07865327653431,
        35.99223904836745,
        33.276871354239326,
        30.930976004827592,
        28.99311681474958,
        27.189461735316684,
        25.5837971051534,
        24.321334198543003,
        23.451078062965756,
        23.052097917738415,
        22.97894771212623,
        22.981439826602028
    ],
    "loss_D": [
        1.3534049604620253,
        1.2974878399145036,
        1.2554391875153497,
        1.2135740260283152,
        1.1548771680820555,
        1.1719994611683346,
        1.1702167019957588,
        1.1535314655020124,
        1.1390041866472789,
        1.1212298669985363,
        1.10034068439688,
        1.0972342519533067,
        1.0871162828944978,
        1.0976705031735556,
        1.1025715143907637,
        1.1017050108739308,
        1.1036879501172474,
        1.1117121125970568,
        1.0973972093491327,
        1.0910059768529166
    ]
}