{
    "epoch": [
        0,
        1,
        2,
        3,
        4,
        5,
        6,
        7,
        8,
        9
    ],
    "total_loss_G": [
        0.17917096331006005,
        0.1742747120914005,
        0.16999812317746027,
        0.16999503523111342,
        0.16613494448718572,
        0.1620573287208875,
        0.1623037341449942,
        0.16057646455509322,
        0.15825391138593356,
        0.1567244811072236
    ],
    "l1_loss": [
        0.14174762850716,
        0.13722267746925354,
        0.13331174683712776,
        0.1335028103774502,
        0.12982083083618254,
        0.12606975670371737,
        0.1263092559363161,
        0.12475390299445106,
        0.12262863250715392,
        0.12121859168012937
    ],
    "feat_loss": [
        0.03742333488272769,
        0.037052034560058796,
        0.036686376189546926,
        0.036492225376977806,
        0.03631411381065845,
        0.035987571981691176,
        0.03599447778293065,
        0.03582256221700282,
        0.03562527863042695,
        0.035505889835102215
    ],
    "control_points_avg": [
        -0.0036241027992218733,
        -0.00892874225974083,
        -0.014435467310249805,
        -0.009962277486920357,
        -0.009746762923896313,
        -0.010672876611351967,
        -0.00805878359824419,
        -0.012032626196742058,
        -0.00953573826700449,
        -0.016091005876660347
    ]
}