{
    "epoch": [
        1,
        2,
        3,
        4,
        5,
        6,
        7,
        8,
        9,
        10,
        11,
        12,
        13,
        14,
        15,
        16,
        17,
        18,
        19,
        20
    ],
    "loss_D": [
        65998.34675322034,
        59372.60168486096,
        140571.06199834915,
        102557.30585704985,
        70289.54214651925,
        52504.13916480655,
        62133.40367460705,
        126217.37382972354,
        43646.19107927595,
        60935.24963030134,
        277447.19537062873,
        560830.9813616071,
        218188.54697730654,
        733123.512789481,
        172833.11789434523,
        209444.09350237166,
        140739.2896705264,
        271418.0450997489,
        93241.91723516554,
        76461.41003185454
    ],
    "loss_G": [
        24.03180765424456,
        24.02359717686971,
        24.012290187109084,
        24.00437360036941,
        24.0137564204988,
        23.99325605574108,
        24.001950636364164,
        24.00799903869629,
        24.009201090676445,
        24.001658494131906,
        24.009906157993136,
        24.029070345560708,
        24.028248341878257,
        24.027632874534245,
        24.039120197296143,
        24.03133201599121,
        24.021402847199212,
        24.00785727955046,
        24.001264231545584,
        23.994282477242606
    ],
    "val_PSNR": [
        12.019417488317215,
        12.020976004144055,
        12.021436358143665,
        12.021980149541944,
        12.02170725153169,
        12.021227052646873,
        12.019319679837814,
        12.020939368819636,
        12.02961880922363,
        12.035089382618176
    ],
    "val_SSIM": [
        