{
    "epoch": [
        0,
        1,
        2,
        3,
        4,
        5,
        6,
        7,
        8,
        9,
        10,
        11,
        12,
        13,
        14,
        15,
        16,
        17,
        18,
        19
    ],
    "loss_G": [
        48.841883568536666,
        49.104850650969006,
        49.410933889661514,
        49.64357392901466,
        49.51206833067394,
        49.594263630821594,
        49.71755599067325,
        49.83806678227016,
        49.99883332025437,
        50.12761254083543,
        50.368099267142156,
        50.46517711821056,
        50.55495686304002,
        50.72027748198736,
        50.99804891858782,
        51.18560048966181,
        51.321963137672064,
        51.61820566086542,
        51.70181298028855,
        51.922539479391915
    ],
    "loss_D": [
        1.3427556290512994,
        1.250650022427241,
        1.1753278967880068,
        1.1563858262130193,
        1.2220885495344798,
        1.1933599401087989,
        1.181219641651426,
        1.1514604270458222,
        1.1490794248524165,
        1.130854683546793,
        1.0963261330411547,
        1.0927182313941775,
        1.0936971540961946,
        1.0735841691493988,
        1.0357473966621218,
        1.0115812514509475,
        0.9921193642275674,
        0.9697957650536583,
        0.9731937226795014,
        0.9626257097437269
    ]
}