{
    "epoch": [
        0,
        1,
        2,
        3,
        4,
        5,
        6,
        7,
        8,
        9,
        10,
        11,
        12,
        13,
        14,
        15,
        16,
        17,
        18,
        19
    ],
    "loss_D": [
        253.1888456636951,
        5.097725110110782,
        3.2802320900417508,
        2.6302092688424246,
        1.9121400760752814,
        1.313119811387289,
        1.0163282012655621,
        0.7522895834985234,
        0.5153300325785365,
        0.41044831623633704,
        0.32412277351887453,
        0.25954618711201916,
        0.21069215580466247,
        0.18738883912918114,
        0.14570128656036796,
        0.12369588559404725,
        0.12415880379932268,
        0.10639707391992921,
        0.10649280613731771,
        0.09652567300058547
    ],
    "loss_G_total": [
        13.047866639636812,
        12.470635981786819,
        13.177606014978318,
        12.579260530925932,
        12.621652921040853,
        12.322228408995128,
        12.280895551045736,
        12.795951684316,
        12.08060698282151,
        12.692634514399938,
        12.340267749059768,
        12.142769291287376,
        12.09444504692441,
        12.666614350818453,
        12.913873717898415,
        12.039765721275693,
        12.41561240241641,
        12.242664087386359,
        11.988289378938221,
        11.950595197223482
    ],
    "loss_G_adv": [
        0.01907839616095381,
        0.028752728720151242,
        0.03375101311221009,
        0.03188089474237391,
        0.02594840025440568,
        0.025799361101928212,
        0.0221822540430973,
        0.020191017760052568,
        0.020845928517658086,
        0.01804218099762996,
        0.01650161752920775,
        0.015211917709426157,
        0.013651488459713403,
        0.01249661591524879,
        0.011980279709123784,
        0.01299005710253758,
        0.012770162080414593,
        0.01255634680966891,
        0.008038460698333524,
        0.012443805978234326
    ],
    "loss_G_l1": [
        0.12578858417414485,
        0.11969574487635068,
        0.1265196337231568,
        0.12060251086950302,
        0.121232035082011,
        0.1183166422304653,
        0.11810554581738654,
        0.12328235734076727,
        0.11620992085053808,
        0.12234482594898768,
        0.11893985154373306,
        0.11701647334155582,
        0.11659418454482443,
        0.12241730253611292,
        0.12487596397598584,
        0.11612598385129656,
        0.1198446090732302,
        0.11807152433764367,
        0.11584227514408883,
        0.1152007689788228
    ],
    "loss_G_feat": [
        0.03736161139039766,
        0.035729785272408096,
        0.0356887597147198,
        0.035960499241593336,
        0.036870738136626426,
        0.03615674354313385,
        0.03594297485514766,
        0.03667609770560548,
        0.035538525941471256,
        0.036794096497552733,
        0.03637745577309813,
        0.03650622841502939,
        0.036676919575603234,
        0.03624008990646828,
        0.03663759709646305,
        0.03622171349291291,
        0.03673006917926527,
        0.0372729856698286,
        0.03638696772534223,
        0.03682992895621629
    ]
}